"Name","Position","Birthdate","Birthplace"
"Leo Carlsson","C","12/26/2004 (18)","Karlstad, SE"
"Sam Carrick","C","2/4/1992 (31)","Markham, ON"
"Benoit-Olivier Groulx","C","2/6/2000 (23)","Gatineau, PQ"
"Adam Henrique","C","2/6/1990 (33)","Brantford, ON"
"Mason McTavish","C","1/30/2003 (20)","Zurich, Switzerland"
"Ryan Strome","C","7/11/1993 (30)","Mississauga, ON"
"Trevor Zegras","C","3/20/2001 (22)","Bedford, NY"
"Ross Johnston","LW","2/18/1994 (29)","Charlottetown, PE"
"Max Jones","LW","2/17/1998 (25)","Rochester, MI"
"Alex Killorn","LW","9/14/1989 (34)","Halifax, NS"
"Brett Leason","RW","4/30/1999 (24)","Calgary, AB"
"Jakob Silfverberg","LW","10/13/1990 (33)","Gavle, Sweden"
"Troy Terry","RW","9/10/1997 (26)","Denver, CO"
"Frank Vatrano","RW","3/14/1994 (29)","East Longmeadow, MA"
"Cam Fowler","D","12/5/1991 (31)","Windsor, ON"
"Radko Gudas","D","6/5/1990 (33)","Prague, Czechoslovakia"
"Robert Hagg","D","2/8/1995 (28)","Uppsala, Sweden"
"Jackson LaCombe","D","1/9/2001 (22)","Eden Prairie, MN"
"Tristan Luneau","D","1/12/2004 (19)","Victoriaville, CA"
"Ilya Lyubushkin","D","4/6/1994 (29)","Moscow, Russia"
"Pavel Mintyukov","D","11/25/2003 (19)","Moscow, RU"
"Urho Vaakanainen","D","1/1/1999 (24)","Joensuu, Finland"
"Olen Zellweger","D","9/10/2003 (20)","Calgary, AB"
"Lukas Dostal","G","6/22/2000 (23)","Brno, Czech Republic"
"Olle Eriksson Ek","G","6/22/1999 (24)","Karlstad, Sweden"
"John Gibson","G","7/14/1993 (30)","Pittsburgh, PA"
"Nick Bjugstad","C","7/17/1992 (31)","Minneapolis, MN"
"Travis Boyd","C","9/14/1993 (30)","Hopkins, MN"
"Logan Cooley","C","5/4/2004 (19)","Pittsburgh, PA"
"Barrett Hayton","C","6/9/2000 (23)","Peterborough, ON"
"Clayton Keller","C","7/29/1998 (25)","Chesterfield, MO"
"Alexander Kerfoot","C","8/11/1994 (29)","Vancouver, BC"
"Jack McBain","C","1/6/2000 (23)","Toronto, CA"
"Nick Schmaltz","C","2/23/1996 (27)","Madison, WI"
"Travis Barron","LW","8/17/1998 (25)","Brampton, ON"
"Michael Carcone","LW","5/19/1996 (27)","Ajax, ON"
"Lawson Crouse","LW","6/23/1997 (26)","Mt. Brydges, ON"
"Jan Jenik","RW","9/15/2000 (23)","Nymburk, Czech Republic"
"Milos Kelemen","LW","7/6/1999 (24)","Lucenec, Slovakia"
"Matias Maccelli","LW","10/14/2000 (23)","Turku, Finland"
"Liam O'Brien","LW","7/29/1994 (29)","Halifax, NS"
"Zach Sanford","LW","11/9/1994 (29)","Salem, MA"
"Jakub Voracek","RW","8/15/1989 (34)","Kladno, Czechoslovakia"
"Jason Zucker","LW","1/16/1992 (31)","Newport Beach, CA"
"Josh Brown","D","1/21/1994 (29)","London, ON"
"Travis Dermott","D","12/22/1996 (26)","Newmarket, ON"
"Matt Dumba","D","7/25/1994 (29)","Regina, SK"
"Sean Durzi","D","10/21/1998 (25)","Mississauga, ON"
"Michael Kesselring","D","1/13/2000 (23)","Florence, SC"
"Janis Moser","D","6/6/2000 (23)","Biel, Switzerland"
"Troy Stecher","D","4/7/1994 (29)","Richmond, BC"
"Juuso Valimaki","D","10/6/1998 (25)","Tampere, Finland"
"Connor Ingram","G","3/31/1997 (26)","Saskatoon, SK"
"Karel Vejmelka","G","5/25/1996 (27)","Trebic, Czech Republic"
"Matt Villalta","G","1/3/1999 (24)","Kingston, ON"
"John Beecher","C","4/5/2001 (22)","Elmira, NY"
"Patrick Brown","C","5/29/1992 (31)","Bloomfield Hills, MI"
"Charlie Coyle","C","3/2/1992 (31)","East Weymouth, MA"
"Trent Frederic","C","2/11/1998 (25)","St. Louis, MO"
"Jakub Lauko","C","3/28/2000 (23)","Prague, Czech Republic"
"Jayson Megna","C","2/1/1990 (33)","Fort Lauderdale, FL"
"Matthew Poitras","C","3/10/2004 (19)","Ajax, CA"
"Oskar Steen","C","3/9/1998 (25)","Karlstad, Sweden"
"Pavel Zacha","C","4/6/1997 (26)","Brno, Czech Republic"
"Jake DeBrusk","LW","10/17/1996 (27)","Edmonton, AB"
"Danton Heinen","LW","7/5/1995 (28)","Langley, BC"
"Brad Marchand","LW","5/11/1988 (35)","Halifax, NS"
"David Pastrnak","RW","5/25/1996 (27)","Havirov, Czech Republic"
"Anthony Richard","LW","12/20/1996 (26)","Trois-Rivieres, PQ"
"James van Riemsdyk","LW","5/4/1989 (34)","Middletown, NJ"
"Brandon Carlo","D","11/26/1996 (26)","Colorado Springs, CO"
"Derek Forbort","D","3/4/1992 (31)","Duluth, MN"
"Hampus Lindholm","D","1/20/1994 (29)","Helsingborg, Sweden"
"Mason Lohrei","D","1/17/2001 (22)","Verona, WI"
"Charlie McAvoy","D","12/21/1997 (25)","Long Beach, NY"
"Ian Mitchell","D","1/18/1999 (24)","St. Albert, AB"
"Kevin Shattenkirk","D","1/29/1989 (34)","New Rochelle, NY"
"Anton Stralman","D","8/1/1986 (37)","Tibro, Sweden"
"Parker Wotherspoon","D","8/24/1997 (26)","Surrey, BC"
"Brandon Bussi","G","6/25/1998 (25)","Sound Beach, NY"
"Kyle Keyser","G","3/8/1999 (24)","Coral Springs, FL"
"Jeremy Swayman","G","11/24/1998 (24)","Anchorage, AK"
"Linus Ullmark","G","7/31/1993 (30)","Lugnvik, Sweden"
"Dylan Cozens","C","2/9/2001 (22)","Whitehorse, YT"
"Ryan Johnson","C","7/24/2001 (22)","Irvine, CA"
"Tyson Jost","C","3/14/1998 (25)","St. Albert, AB"
"Peyton Krebs","C","1/26/2001 (22)","Calgary, AB"
"Casey Mittelstadt","C","11/22/1998 (24)","Eden Prairie, MN"
"Matthew Savoie","C","1/1/2004 (19)","St. Albert, CA"
"Tage Thompson","C","10/30/1997 (26)","Phoenix, AZ"
"Zemgus Girgensons","LW","1/5/1994 (29)","Riga, Latvia"
"Jordan Greenway","LW","2/16/1997 (26)","Canton, NY"
"Kyle Okposo","RW","4/16/1988 (35)","St. Paul, MN"
"Victor Olofsson","LW","7/18/1995 (28)","Ornskoldsvik, Sweden"
"John-Jason Peterka","RW","1/14/2002 (21)","Munich, Germany"
"Lukas Rousek","RW","4/20/1999 (24)","Ostrov nad Ohri, Czech Republic"
"Jeff Skinner","LW","5/16/1992 (31)","Toronto, ON"
"Alex Tuch","RW","5/10/1996 (27)","Syracuse, NY"
"Jacob Bryson","D","11/18/1997 (25)","London, ON"
"Kale Clague","D","6/5/1998 (25)","Regina, SK"
"Connor Clifton","D","4/28/1995 (28)","Long Branch, NJ"
"Rasmus Dahlin","D","4/13/2000 (23)","Lidkoping, Sweden"
"Jeremy Davies","D","12/4/1996 (26)","St-Anne-de-Bellevue, PQ"
"Erik Johnson","D","3/21/1988 (35)","Bloomington, MN"
"Henri Jokiharju","D","6/17/1999 (24)","Oulu, Finland"
"Owen Power","D","11/22/2002 (20)","Mississauga, CA"
"Devin Cooley","G","5/25/1997 (26)","Los Gatos, CA"
"Devon Levi","G","12/27/2001 (21)","Dollard-des-Ormeaux, CA"
"Ukko-Pekka Luukkonen","G","3/9/1999 (24)","Espoo, Finland"
"Dustin Tokarski","G","9/16/1989 (34)","Watson, SK"
"Mikael Backlund","C","3/17/1989 (34)","Vasteras, Sweden"
"Blake Coleman","C","11/28/1991 (31)","Plano, TX"
"Dillon Dube","C","7/20/1998 (25)","Golden, BC"
"Jonathan Huberdeau","C","6/4/1993 (30)","Saint-Jerome, PQ"
"Nazem Kadri","C","10/6/1990 (33)","London, ON"
"Elias Lindholm","C","12/2/1994 (28)","Boden, Sweden"
"Martin Pospisil","C","11/19/1999 (23)","Zvolen, Slovakia"
"Adam Ruzicka","C","5/11/1999 (24)","Bratislava, Slovakia"
"Yegor Sharangovich","C","6/6/1998 (25)","Minsk, Belarus"
"Connor Zary","C","9/25/2001 (22)","Saskatoon, SK"
"Walker Duehr","RW","11/23/1997 (25)","Sioux Falls, SD"
"A.J. Greer","LW","12/14/1996 (26)","Joliette, PQ"
"Andrew Mangiapane","LW","4/4/1996 (27)","Toronto, ON"
"Rasmus Andersson","D","10/27/1996 (27)","Malmo, Sweden"
"Nick DeSimone","D","11/21/1994 (28)","East Amherst, NY"
"Dennis Gilbert","D","10/30/1996 (27)","Buffalo, NY"
"Noah Hanifin","D","1/25/1997 (26)","Boston, MA"
"Ilya Solovyov","D","7/20/2000 (23)","Mogilev, Belarus"
"Christopher Tanev","D","12/20/1989 (33)","Toronto, ON"
"MacKenzie Weegar","D","1/7/1994 (29)","Ottawa, ON"
"Nikita Zadorov","D","4/16/1995 (28)","Moscow, Russia"
"Jacob Markstrom","G","1/31/1990 (33)","Gavle, Sweden"
"Dan Vladar","G","8/20/1997 (26)","Prague, Czech Republic"
"Dustin Wolf","G","4/16/2001 (22)","Tustin, CA"
"Callahan Burke","C","3/19/1997 (26)","Boxborough, MA"
"Jack Drury","C","2/3/2000 (23)","New York, NY"
"Seth Jarvis","C","2/1/2002 (21)","Winnipeg, MB"
"Jesperi Kotkaniemi","C","7/6/2000 (23)","Pori, Finland"
"Martin Necas","C","1/15/1999 (24)","Nove Mesto na Morave, Czech Republic"
"Jordan Staal","C","9/10/1988 (35)","Thunder Bay, ON"
"Ryan Suzuki","C","5/28/2001 (22)","London, ON"
"Sebastian Aho","LW","7/26/1997 (26)","Rauma, Finland"
"Michael Bunting","LW","9/17/1995 (28)","Scarborough, ON"
"Jesper Fast","RW","12/2/1991 (31)","Nassjo, Sweden"
"Brendan Lemieux","LW","3/15/1996 (27)","Denver, CO"
"Jordan Martinook","LW","7/25/1992 (31)","Brandon, MB"
"Stefan Noesen","RW","2/12/1993 (30)","Plano, TX"
"Andrei Svechnikov","RW","3/26/2000 (23)","Barnaul, Russia"
"Teuvo Teravainen","LW","9/11/1994 (29)","Helsinki, Finland"
"Brent Burns","D","3/9/1985 (38)","Barrie, ON"
"Jalen Chatfield","D","5/15/1996 (27)","Ypsilanti, MI"
"Dylan Coghlan","D","2/19/1998 (25)","Duncan, BC"
"Tony DeAngelo","D","10/24/1995 (28)","Sewell, NJ"
"Dmitry Orlov","D","7/23/1991 (32)","Novokuznetsk, USSR"
"Brett Pesce","D","11/15/1994 (28)","Tarrytown, NY"
"Brady Skjei","D","3/26/1994 (29)","Lakeville, MN"
"Jaccob Slavin","D","5/1/1994 (29)","Denver, CO"
"Pyotr Kochetkov","G","6/25/1999 (24)","Penza, Russia"
"Antti Raanta","G","5/12/1989 (34)","Rauma, Finland"
"Andreas Athanasiou","C","8/6/1994 (29)","Woodbridge, ON"
"Connor Bedard","C","7/17/2005 (18)","North Vancouver, CA"
"Jason Dickinson","C","7/4/1995 (28)","Georgetown, ON"
"Ryan Donato","C","4/9/1996 (27)","Boston, MA"
"Cole Guttman","C","4/6/1999 (24)","Northridge, CA"
"Tyler Johnson","C","7/29/1990 (33)","Spokane, WA"
"Philipp Kurashev","C","10/12/1999 (24)","Munsingen, Switzerland"
"MacKenzie Entwistle","RW","7/14/1999 (24)","Georgetown, ON"
"Nick Foligno","LW","10/31/1987 (36)","Buffalo, NY"
"Taylor Hall","LW","11/14/1991 (31)","Calgary, AB"
"Reese Johnson","RW","7/10/1998 (25)","Saskatoon, SK"
"Boris Katchouk","LW","6/18/1998 (25)","Waterloo, ON"
"Corey Perry","RW","5/16/1985 (38)","Peterborough, ON"
"Taylor Raddysh","RW","2/18/1998 (25)","Caledon, ON"
"Lukas Reichel","LW","5/17/2002 (21)","Nuremberg, Germany"
"Buddy Robinson","RW","9/30/1991 (32)","Bellmawr, NJ"
"Seth Jones","D","10/3/1994 (29)","Arlington, TX"
"Wyatt Kaiser","D","7/31/2002 (21)","Andover, MN"
"Kevin Korchinski","D","6/21/2004 (19)","Saskatoon, CA"
"Connor Murphy","D","3/26/1993 (30)","Dublin, OH"
"Isaak Phillips","D","9/28/2001 (22)","Barrie, ON"
"Jarred Tinordi","D","2/20/1992 (31)","Millersville, MD"
"Alex Vlasic","D","6/5/2001 (22)","Wilmette, IL"
"Nikita Zaitsev","D","10/29/1991 (32)","Moscow, USSR"
"Petr Mrazek","G","2/14/1992 (31)","Ostrava, Czechoslovakia"
"Arvid Soderblom","G","8/19/1999 (24)","Goteborg, Sweden"
"Andrew Cogliano","C","6/14/1987 (36)","Toronto, ON"
"Ross Colton","C","9/11/1996 (27)","Robbinsville, NJ"
"Ryan Johansen","C","7/31/1992 (31)","Vancouver, BC"
"Nathan MacKinnon","C","9/1/1995 (28)","Halifax, NS"
"Jonathan Drouin","LW","3/28/1995 (28)","Ste-Agathe, PQ"
"Artturi Lehkonen","LW","7/4/1995 (28)","Piikkio, Finland"
"Valeri Nichushkin","RW","3/4/1995 (28)","Chelyabinsk, Russia"
"Logan O'Connor","RW","8/14/1996 (27)","Missouri City, TX"
"Frederik Olofsson","LW","5/27/1996 (27)","Helsingborg, SE"
"Sampo Ranta","LW","5/31/2000 (23)","Naantali, Finland"
"Mikko Rantanen","RW","10/29/1996 (27)","Nousiainen, Finland"
"Tomas Tatar","LW","12/1/1990 (32)","Ilava, Czechoslovakia"
"Riley Tufte","LW","4/10/1998 (25)","Coon Rapids, MN"
"Miles Wood","LW","9/13/1995 (28)","Buffalo, NY"
"Jack Ahcan","D","5/18/1997 (26)","Savage, MN"
"Bowen Byram","D","6/13/2001 (22)","Cranbrook, BC"
"Samuel Girard","D","5/12/1998 (25)","Roberval, PQ"
"Jack Johnson","D","1/13/1987 (36)","Indianapolis, IN"
"Kurtis MacDermid","D","3/25/1994 (29)","Sauble Beach, ON"
"Cale Makar","D","10/30/1998 (25)","Calgary, AB"
"Josh Manson","D","10/7/1991 (32)","Hinsdale, IL"
"Corey Schueneman","D","9/2/1995 (28)","Milford, MI"
"Devon Toews","D","2/21/1994 (29)","Abbotsford, BC"
"Justus Annunen","G","3/11/2000 (23)","Kempele, Finland"
"Alexandar Georgiev","G","2/10/1996 (27)","Ruse, Bulgaria"
"Ivan Prosvetov","G","3/5/1999 (24)","Moscow, Russia"
"Emil Bemstrom","C","6/1/1999 (24)","Nykoping, Sweden"
"Josh Dunne","C","12/8/1998 (24)","O'Fallon, MO"
"Adam Fantilli","C","10/12/2004 (19)","Nobleton, CA"
"Boone Jenner","C","6/15/1993 (30)","Dorchester, ON"
"Sean Kuraly","C","1/20/1993 (30)","Dublin, OH"
"Mathieu Olivier","C","2/11/1997 (26)","Levis, PQ"
"Jack Roslovic","C","1/29/1997 (26)","Columbus, OH"
"Cole Sillinger","C","5/16/2003 (20)","Columbus, OH"
"Alexandre Texier","C","9/13/1999 (24)","Saint-Martin-d'Heres, France"
"Yegor Chinakhov","RW","2/1/2001 (22)","Omsk, Russia"
"Justin Danforth","RW","3/15/1993 (30)","Oshawa, ON"
"Trey Fix-Wolansky","RW","5/26/1999 (24)","Edmonton, AB"
"Johnny Gaudreau","LW","8/13/1993 (30)","Salem, NJ"
"Joona Luoto","LW","9/26/1997 (26)","Tampere, Finland"
"Kirill Marchenko","RW","7/21/2000 (23)","Barnaul, Russia"
"Mikael Pyyhtia","LW","12/17/2001 (21)","Turku, Finland"
"Dmitri Voronkov","LW","9/10/2000 (23)","—"
"Jake Bean","D","6/9/1998 (25)","Calgary, AB"
"Marcus Bjork","D","11/24/1997 (25)","Umea, SE"
"Adam Boqvist","D","8/15/2000 (23)","Falun, Sweden"
"Jake Christiansen","D","9/12/1999 (24)","West Vancouver, BC"
"Erik Gudbranson","D","1/7/1992 (31)","Ottawa, ON"
"David Jiricek","D","11/28/2003 (19)","Klatovy, CZ"
"Andrew Peeke","D","3/17/1998 (25)","Parkland, FL"
"Ivan Provorov","D","1/13/1997 (26)","Yaroslavl, Russia"
"Damon Severson","D","8/7/1994 (29)","Melville, SK"
"Zach Werenski","D","7/19/1997 (26)","Grosse Pointe, MI"
"Jet Greaves","G","3/30/2001 (22)","Cambridge, ON"
"Michael Hutchinson","G","3/2/1990 (33)","Barrie, ON"
"Spencer Martin","G","6/8/1995 (28)","Oakville, ON"
"Elvis Merzlikins","G","4/13/1994 (29)","Riga, Latvia"
"Mavrik Bourque","C","1/8/2002 (21)","Plessiville, QC, Canada"
"Ty Dellandrea","C","7/21/2000 (23)","Toronto, ON"
"Matt Duchene","C","1/16/1991 (32)","Haliburton, ON"
"Radek Faksa","C","1/9/1994 (29)","Vitkov, Czech Republic"
"Wyatt Johnston","C","5/14/2003 (20)","Toronto, ON"
"Joe Pavelski","C","7/11/1984 (39)","Plover, WI"
"Tyler Seguin","C","1/31/1992 (31)","Brampton, ON"
"Craig Smith","C","9/5/1989 (34)","Madison, WI"
"Sam Steel","C","2/3/1998 (25)","Ardrossan, AB"
"Jamie Benn","LW","7/18/1989 (34)","Victoria, BC"
"Evgenii Dadonov","RW","3/12/1989 (34)","Chelyabinsk, USSR"
"Roope Hintz","LW","11/17/1996 (26)","Tampere, Finland"
"Mason Marchment","LW","6/18/1995 (28)","Uxbridge, ON"
"Jason Robertson","LW","7/22/1999 (24)","Arcadia, CA"
"Gavin Bayreuther","D","5/12/1994 (29)","Canaan, NH"
"Jani Hakanpaa","D","3/31/1992 (31)","Kirkkonummi, Finland"
"Joel Hanley","D","6/8/1991 (32)","Keswick, ON"
"Thomas Harley","D","8/19/2001 (22)","Syracuse, NY"
"Miro Heiskanen","D","7/18/1999 (24)","Espoo, Finland"
"Esa Lindell","D","5/23/1994 (29)","Vantaa, Finland"
"Nils Lundkvist","D","7/27/2000 (23)","Pitea, Sweden"
"Derrick Pouliot","D","1/16/1994 (29)","Estevan, SK"
"Ryan Suter","D","1/21/1985 (38)","Madison, WI"
"Jake Oettinger","G","12/18/1998 (24)","Lakeville, MN"
"Scott Wedgewood","G","8/14/1992 (31)","Etobicoke, ON"
"Andrew Copp","C","7/8/1994 (29)","Ann Arbor, MI"
"Austin Czarnik","C","12/12/1992 (30)","Detroit, MI"
"Robby Fabbri","C","1/22/1996 (27)","Mississauga, ON"
"Klim Kostin","C","5/5/1999 (24)","Penza, Russia"
"Dylan Larkin","C","7/30/1996 (27)","Waterford, MI"
"Danny O'Regan","C","1/30/1994 (29)","Berlin, Germany"
"Michael Rasmussen","C","4/17/1999 (24)","Vancouver, BC"
"Nolan Stevens","C","7/22/1996 (27)","Brantford, ON"
"Joseph Veleno","C","1/13/2000 (23)","Montreal, PQ"
"Zach Aston-Reese","RW","8/10/1994 (29)","Staten Island, NY"
"Jonatan Berggren","RW","7/16/2000 (23)","Uppsala, Sweden"
"J.T. Compher","LW","4/8/1995 (28)","Northbrook, IL"
"Alex DeBrincat","RW","12/18/1997 (25)","Farmington Hills, MI"
"Christian Fischer","RW","4/15/1997 (26)","Chicago, IL"
"Tim Gettinger","LW","4/14/1998 (25)","Cleveland, OH"
"David Perron","LW","5/28/1988 (35)","Sherbrooke, PQ"
"Lucas Raymond","LW","3/28/2002 (21)","Goteborg, Sweden"
"Daniel Sprong","RW","3/17/1997 (26)","Amsterdam, Netherlands"
"Ben Chiarot","D","5/9/1991 (32)","Hamilton, ON"
"Shayne Gostisbehere","D","4/20/1993 (30)","Pembroke Pines, FL"
"Justin Holl","D","1/30/1992 (31)","Tonka Bay, MN"
"Olli Maatta","D","8/22/1994 (29)","Jyvaskyla, Finland"
"Jared McIsaac","D","3/27/2000 (23)","Truro, NS"
"Jeff Petry","D","12/9/1987 (35)","Ann Arbor, MI"
"Brogan Rafferty","D","5/28/1995 (28)","Dundee, IL"
"Moritz Seider","D","4/6/2001 (22)","Zell, Germany"
"Jake Walman","D","2/20/1996 (27)","Toronto, ON"
"Ville Husso","G","2/6/1995 (28)","Helsinki, Finland"
"Alex Lyon","G","12/9/1992 (30)","Baudette, MN"
"James Reimer","G","3/15/1988 (35)","Morweena, MB"
"Connor Brown","C","1/14/1994 (29)","Toronto, ON"
"Leon Draisaitl","C","10/27/1995 (28)","Cologne, Germany"
"Sam Gagner","C","8/10/1989 (34)","London, ON"
"Dylan Holloway","C","9/23/2001 (22)","Calgary, AB"
"Zach Hyman","C","6/9/1992 (31)","Toronto, ON"
"Mattias Janmark","C","12/8/1992 (30)","Danderyd, Sweden"
"Raphael Lavoie","C","9/25/2000 (23)","Montreal, PQ"
"Connor McDavid","C","1/13/1997 (26)","Richmond Hill, ON"
"Ryan McLeod","C","9/21/1999 (24)","Mississauga, ON"
"Ryan Nugent-Hopkins","C","4/12/1993 (30)","Burnaby, BC"
"Lane Pederson","C","8/4/1997 (26)","Saskatoon, SK"
"Derek Ryan","C","12/29/1986 (36)","Spokane, WA"
"Adam Erne","LW","4/20/1995 (28)","New Haven, CT"
"Warren Foegele","LW","4/1/1996 (27)","Markham, ON"
"James Hamblin","LW","4/27/1999 (24)","Edmonton, AB"
"Evander Kane","LW","8/2/1991 (32)","Vancouver, BC"
"Evan Bouchard","D","10/20/1999 (24)","Oakville, ON"
"Cody Ceci","D","12/21/1993 (29)","Ottawa, ON"
"Jason Demers","D","6/9/1988 (35)","Dorval, PQ"
"Vincent Desharnais","D","5/29/1996 (27)","Laval, PQ"
"Mattias Ekholm","D","5/24/1990 (33)","Borlange, Sweden"
"Brett Kulak","D","1/6/1994 (29)","Edmonton, AB"
"Darnell Nurse","D","2/4/1995 (28)","Hamilton, ON"
"Calvin Pickard","G","4/15/1992 (31)","Moncton, NB"
"Stuart Skinner","G","11/1/1998 (25)","Edmonton, AB"
"Rasmus Asplund","C","12/3/1997 (25)","Filipstad, Sweden"
"Aleksander Barkov","C","9/2/1995 (28)","Tampere, Finland"
"Nick Cousins","C","7/20/1993 (30)","Belleville, ON"
"Steven Lorentz","C","4/13/1996 (27)","Kitchener, ON"
"Anton Lundell","C","10/3/2001 (22)","Espoo, Finland"
"Eetu Luostarinen","C","9/2/1998 (25)","Siilinjarvi, Finland"
"Sam Reinhart","C","11/6/1995 (28)","West Vancouver, BC"
"Evan Rodrigues","C","7/28/1993 (30)","Toronto, ON"
"Kevin Stenlund","C","9/20/1996 (27)","Stockholm, Sweden"
"Carter Verhaeghe","C","8/14/1995 (28)","Toronto, ON"
"Will Lockwood","RW","6/20/1998 (25)","Royal Oak, MI"
"Ryan Lomberg","LW","12/9/1994 (28)","Richmond Hill, ON"
"Mackie Samoskevich","RW","11/15/2002 (20)","Newtown, CT"
"Matthew Tkachuk","LW","12/11/1997 (25)","Scottsdale, AZ"
"Uvis Balinskis","D","8/1/1996 (27)","Ventspils, Latvia"
"Lucas Carlsson","D","7/5/1997 (26)","Gavle, Sweden"
"Oliver Ekman-Larsson","D","7/17/1991 (32)","Karlskrona, Sweden"
"Gustav Forsling","D","6/12/1996 (27)","Linkoping, Sweden"
"Matt Kiersted","D","4/14/1998 (25)","Elk River, MN"
"Dmitry Kulikov","D","10/29/1990 (33)","Lipetsk, USSR"
"Josh Mahura","D","5/5/1998 (25)","St. Albert, AB"
"Niko Mikkola","D","4/27/1996 (27)","Kiiminki, Finland"
"Mike Reilly","D","7/13/1993 (30)","Chicago, IL"
"Sergei Bobrovsky","G","9/20/1988 (35)","Novokuznetsk, USSR"
"Spencer Knight","G","4/19/2001 (22)","Darien, CT"
"Anthony Stolarz","G","1/20/1994 (29)","Edison, NJ"
"Jaret Anderson-Dolan","C","9/12/1999 (24)","Calgary, AB"
"Quinton Byfield","C","8/19/2002 (21)","Newmarket, ON"
"Phillip Danault","C","2/24/1993 (30)","Victoriaville, PQ"
"Pierre-Luc Dubois","C","6/24/1998 (25)","Ste-Agathe-des-Monts, PQ"
"Anze Kopitar","C","8/24/1987 (36)","Jesenice, Yugoslavia"
"Trevor Lewis","C","1/8/1987 (36)","Salt Lake City, UT"
"Blake Lizotte","C","12/13/1997 (25)","Lindstrom, MN"
"Francesco Pinelli","C","4/11/2003 (20)","Hamilton, ON"
"Kevin Fiala","LW","7/22/1996 (27)","St. Gallen, Switzerland"
"Carl Grundstrom","RW","12/1/1997 (25)","Umea, Sweden"
"Arthur Kaliyev","RW","6/26/2001 (22)","Tashkent, Uzbekistan"
"Adrian Kempe","RW","9/13/1996 (27)","Kramfors, Sweden"
"Alex Laferriere","RW","10/28/2001 (22)","Chatham, NJ"
"Mikhail Maltsev","LW","3/12/1998 (25)","St. Petersburg, Russia"
"Trevor Moore","LW","3/31/1995 (28)","Thousand Oaks, CA"
"Mikey Anderson","D","5/25/1999 (24)","Fridley, MN"
"Tobias Bjornfot","D","4/6/2001 (22)","Upplands Vasby, Sweden"
"Drew Doughty","D","12/8/1989 (33)","London, ON"
"Andreas Englund","D","1/21/1996 (27)","Stockholm, Sweden"
"Vladislav Gavrikov","D","11/21/1995 (27)","Yaroslavl, Russia"
"Tobie Pacquette-Bisson","D","2/1/1997 (26)","Rosemere, CA"
"Matt Roy","D","3/1/1995 (28)","Detroit, MI"
"Jordan Spence","D","2/24/2001 (22)","Sydney, New South Wales"
"J-F Berube","G","7/13/1991 (32)","Repentigny, PQ"
"Pheonix Copley","G","1/18/1992 (31)","North Pole, AK"
"David Rittich","G","8/19/1992 (31)","Jihlava, Czechoslovakia"
"Cam Talbot","G","7/5/1987 (36)","Caledonia, ON"
"Connor Dewar","C","6/26/1999 (24)","Gilbert Plains, MB"
"Joel Eriksson Ek","C","1/29/1997 (26)","Karlstad, Sweden"
"Frederick Gaudreau","C","5/1/1993 (30)","Bromont, PQ"
"Damien Giroux","C","3/3/2000 (23)","Sudbury, ON"
"Vinni Lettieri","C","2/6/1995 (28)","Excelsior, MN"
"Jake Lucchini","C","5/10/1995 (28)","Trail, BC"
"Nic Petan","C","3/22/1995 (28)","Delta, BC"
"Marco Rossi","C","9/23/2001 (22)","Feldkirch, Austria"
"Samuel Walker","C","6/7/1999 (24)","Edina, MN"
"Matt Boldy","LW","4/5/2001 (22)","Millis, MA"
"Brandon Duhaime","RW","5/22/1997 (26)","Coral Springs, FL"
"Marcus Foligno","LW","8/10/1991 (32)","Buffalo, NY"
"Ryan Hartman","RW","9/20/1994 (29)","Hilton Head Island, SC"
"Marcus Johansson","LW","10/6/1990 (33)","Landskrona, Sweden"
"Kirill Kaprizov","LW","4/26/1997 (26)","Novokuznetsk, Russia"
"Pat Maroon","LW","4/23/1988 (35)","St. Louis, MO"
"Adam Raska","RW","9/25/2001 (22)","Frydek-Mistek, Czech Republic"
"Mats Zuccarello","RW","9/1/1987 (36)","Oslo, Norway"
"Zach Bogosian","D","7/15/1990 (33)","Massena, NY"
"Jonas Brodin","D","7/12/1993 (30)","Karlstad, Sweden"
"Brock Faber","D","8/22/2002 (21)","Maple Grove, MN"
"Dakota Mermis","D","1/5/1994 (29)","Alton, IL"
"Jon Merrill","D","2/3/1992 (31)","Oklahoma City, OK"
"Jacob Middleton","D","1/2/1996 (27)","Wainwright, AB"
"Jared Spurgeon","D","11/29/1989 (33)","Edmonton, AB"
"Marc-Andre Fleury","G","11/28/1984 (38)","Sorel, PQ"
"Filip Gustavsson","G","6/7/1998 (25)","Skelleftea, Sweden"
"Christian Dvorak","C","2/2/1996 (27)","Palos, IL"
"Jake Evans","C","6/2/1996 (27)","Toronto, ON"
"Sean Farrell","C","11/2/2001 (22)","Hopkinton, MA"
"Philippe Maillet","C","11/7/1992 (31)","Lachenaie, PQ"
"Sean Monahan","C","10/12/1994 (29)","Brampton, ON"
"Alex Newhook","C","1/28/2001 (22)","St. John's, NL"
"Nick Suzuki","C","8/10/1999 (24)","London, ON"
"Josh Anderson","RW","5/7/1994 (29)","Burlington, ON"
"Joel Armia","RW","5/31/1993 (30)","Pori, Finland"
"Cole Caufield","RW","1/2/2001 (22)","Stevens Point, WI"
"Brendan Gallagher","RW","5/6/1992 (31)","Edmonton, AB"
"Rafael Harvey-Pinard","LW","1/6/1999 (24)","Jonquiere, PQ"
"Tanner Pearson","LW","8/10/1992 (31)","Kitchener, ON"
"Michael Pezzetta","LW","3/13/1998 (25)","Toronto, ON"
"Juraj Slafkovsky","LW","3/30/2004 (19)","Kosice, SK"
"Joel Teasdale","LW","3/11/1999 (24)","Repentigny, PQ"
"Jesse Ylonen","RW","10/3/1999 (24)","Scottsdale, AZ"
"Justin Barron","D","11/15/2001 (21)","Halifax, NS"
"Kaiden Guhle","D","1/18/2002 (21)","Sherwood Park, AB"
"Jordan Harris","D","7/7/2000 (23)","Haverhill, MA"
"Brady Keeper","D","6/5/1996 (27)","Cross Lake, MB"
"Johnathan Kovacevic","D","7/12/1997 (26)","Niagara Falls, ON"
"Gustav Lindstrom","D","10/20/1998 (25)","Ostervala, Sweden"
"Mike Matheson","D","2/27/1994 (29)","Pointe-Claire, PQ"
"Arber Xhekaj","D","1/30/2001 (22)","Hamilton, ON"
"Jake Allen","G","8/7/1990 (33)","Fredericton, NB"
"Sam Montembeault","G","10/30/1996 (27)","Becancour, PQ"
"Cayden Primeau","G","8/11/1999 (24)","Voorhees, NJ"
"Anthony Angello","C","3/6/1996 (27)","Albany, NY"
"Liam Foudy","C","2/4/2000 (23)","Scarborough, ON"
"Mark Jankowski","C","9/13/1994 (29)","Hamilton, ON"
"Tommy Novak","C","4/28/1997 (26)","St. Paul, MN"
"Ryan O'Reilly","C","2/7/1991 (32)","Clinton, ON"
"Juuso Parssinen","C","2/1/2001 (22)","Hameenlinna, Finland"
"Colton Sissons","C","11/5/1993 (30)","North Vancouver, BC"
"Philip Tomasino","C","7/28/2001 (22)","Mississauga, ON"
"Yakov Trenin","C","1/13/1997 (26)","Chelyabinsk, Russia"
"Luke Evangelista","RW","2/21/2002 (21)","Oakville, ON"
"Samuel Fagemo","LW","3/14/2000 (23)","Goteborg, Sweden"
"Filip Forsberg","LW","8/13/1994 (29)","Ostervala, Sweden"
"Denis Gurianov","RW","6/7/1997 (26)","Togliatti, Russia"
"Michael McCarron","RW","3/7/1995 (28)","Grosse Pointe, MI"
"Gustav Nyquist","LW","9/1/1989 (34)","Halmstad, Sweden"
"Kiefer Sherwood","RW","3/31/1995 (28)","Columbus, OH"
"Cole Smith","LW","10/28/1995 (28)","Brainerd, MN"
"Tyson Barrie","D","7/26/1991 (32)","Victoria, BC"
"Alexandre Carrier","D","10/8/1996 (27)","Quebec City, PQ"
"Marc Del Gaizo","D","10/11/1999 (24)","Basking Ridge, NJ"
"Dante Fabbro","D","6/20/1998 (25)","Coquitlam, BC"
"Roman Josi","D","6/1/1990 (33)","Bern, Switzerland"
"Jeremy Lauzon","D","4/28/1997 (26)","Val-d'Or, PQ"
"Ryan McDonagh","D","6/13/1989 (34)","St. Paul, MN"
"Roland McKeown","D","1/20/1996 (27)","Listowel, ON"
"Spencer Stastney","D","1/4/2000 (23)","Woodbridge, IL"
"Troy Grosenick","G","8/27/1989 (34)","Brookfield, WI"
"Kevin Lankinen","G","4/28/1995 (28)","Helsinki, Finland"
"Juuse Saros","G","4/19/1995 (28)","Forssa, Finland"
"Kyle Criscuolo","C","5/5/1992 (31)","Southampton, NJ"
"Justin Dowling","C","10/1/1990 (33)","Calgary, AB"
"Nico Hischier","C","1/4/1999 (24)","Brig, Switzerland"
"Jack Hughes","C","5/14/2001 (22)","Orlando, FL"
"Michael McLeod","C","2/3/1998 (25)","Mississauga, ON"
"Dawson Mercer","C","10/27/2001 (22)","Carbonear, NL"
"Chris Tierney","C","7/1/1994 (29)","Keswick, ON"
"Maxwell Willman","C","2/13/1995 (28)","Burnstable, MA"
"Nathan Bastian","RW","12/6/1997 (25)","Kitchener, ON"
"Jesper Bratt","LW","7/30/1998 (25)","Stockholm, Sweden"
"Erik Haula","LW","3/23/1991 (32)","Pori, Finland"
"Alexander Holtz","RW","1/23/2002 (21)","Saltsjo-Boo, Sweden"
"Curtis Lazar","RW","2/2/1995 (28)","Salmon Arm, BC"
"Timo Meier","RW","10/8/1996 (27)","Herisau, Switzerland"
"Tomas Nosek","LW","9/1/1992 (31)","Pardubice, Czechoslovakia"
"Ondrej Palat","LW","3/28/1991 (32)","Frydek-Mistek, Czechoslovakia"
"Tyler Toffoli","RW","4/24/1992 (31)","Scarborough, ON"
"Kevin Bahl","D","6/27/2000 (23)","New Westminster, BC"
"Dougie Hamilton","D","6/17/1993 (30)","Toronto, ON"
"Luke Hughes","D","9/9/2003 (20)","Manchester, NH"
"John Marino","D","5/21/1997 (26)","North Easton, MA"
"Jonas Siegenthaler","D","5/6/1997 (26)","Zurich, Switzerland"
"Brendan Smith","D","2/8/1989 (34)","Mimico, ON"
"Erik Kallgren","G","10/14/1996 (27)","Stockholm, Sweden"
"Akira Schmid","G","5/12/2000 (23)","Bern, Switzerland"
"Vitek Vanecek","G","1/9/1996 (27)","Havlickuv Brod, Czech Republic"
"Mathew Barzal","C","5/26/1997 (26)","Coquitlam, BC"
"Casey Cizikas","C","2/27/1991 (32)","Toronto, ON"
"Bo Horvat","C","4/5/1995 (28)","London, ON"
"Karson Kuhlman","C","9/26/1995 (28)","Esko, MN"
"Brock Nelson","C","10/15/1991 (32)","Warroad, MN"
"Jean-Gabriel Pageau","C","11/11/1992 (31)","Ottawa, ON"
"Kyle Palmieri","C","2/1/1991 (32)","Smithtown, NY"
"Brian Pinho","C","5/11/1995 (28)","Beverly, MA"
"Cal Clutterbuck","RW","11/18/1987 (35)","Welland, ON"
"Pierre Engvall","LW","5/31/1996 (27)","Ljungby, Sweden"
"Hudson Fasching","RW","7/28/1995 (28)","Milwaukee, WI"
"Julien Gauthier","RW","10/15/1997 (26)","Pointe-aux-Trembles, PQ"
"Simon Holmstrom","RW","5/24/2001 (22)","Tranas, Sweden"
"Anders Lee","LW","7/3/1990 (33)","Edina, MN"
"Matt Martin","LW","5/8/1989 (34)","Windsor, ON"
"Oliver Wahlstrom","RW","6/13/2000 (23)","Quincy, MA"
"Sebastian Aho","D","2/17/1996 (27)","Umea, Sweden"
"Samuel Bolduc","D","12/9/2000 (22)","Laval, PQ"
"Noah Dobson","D","1/7/2000 (23)","Summerside, PE"
"Scott Mayfield","D","10/14/1992 (31)","St. Louis, MO"
"Adam Pelech","D","8/16/1994 (29)","Toronto, ON"
"Ryan Pulock","D","10/6/1994 (29)","Dauphin, MB"
"Alexander Romanov","D","1/6/2000 (23)","Moscow, Russia"
"Ken Appleby","G","4/10/1995 (28)","North Bay, ON"
"Ilya Sorokin","G","8/4/1995 (28)","Mezhdurechensk, Russia"
"Semyon Varlamov","G","4/27/1988 (35)","Samara, USSR"
"Nick Bonino","C","4/20/1988 (35)","Hartford, CT"
"Jonny Brodzinski","C","6/19/1993 (30)","Ham Lake, MN"
"Barclay Goodrow","C","2/26/1993 (30)","Toronto, ON"
"Riley Nash","C","5/9/1989 (34)","Consort, AB"
"Tyler Pitlick","C","11/1/1991 (32)","Minneapolis, MN"
"Vincent Trocheck","C","7/11/1993 (30)","Pittsburgh, PA"
"Mika Zibanejad","C","4/18/1993 (30)","Huddinge, Sweden"
"Alex Belzile","RW","8/31/1991 (32)","Riviere-du-Loup, PQ"
"Will Cuylle","LW","2/5/2002 (21)","Toronto, ON"
"Kaapo Kakko","RW","2/13/2001 (22)","Turku, Finland"
"Chris Kreider","LW","4/30/1991 (32)","Boxford, MA"
"Alexis Lafreniere","LW","10/11/2001 (22)","St-Eustache, PQ"
"Artemi Panarin","LW","10/30/1991 (32)","Korkino, USSR"
"Jimmy Vesey","LW","5/26/1993 (30)","Boston, MA"
"Blake Wheeler","RW","8/31/1986 (37)","Plymouth, MN"
"Nikolas Brouillard","D","2/7/1995 (28)","St. Hilaire, PQ"
"Erik Gustafsson","D","3/14/1992 (31)","Nynashamn, Sweden"
"Mac Hollowell","D","9/26/1998 (25)","Niagara Falls, ON"
"Zac Jones","D","10/18/2000 (23)","Glen Allen, VA"
"Ryan Lindgren","D","2/11/1998 (25)","Burnsville, MN"
"Connor Mackey","D","9/12/1996 (27)","Tower Lakes, IL"
"K'Andre Miller","D","1/21/2000 (23)","St. Paul, MN"
"Braden Schneider","D","9/20/2001 (22)","Prince Albert, SK, Canada"
"Jacob Trouba","D","2/26/1994 (29)","Rochester, MI"
"Jonathan Quick","G","1/21/1986 (37)","Milford, CT"
"Igor Shesterkin","G","12/30/1995 (27)","Moscow, Russia"
"Rourke Chartier","C","4/3/1996 (27)","Saskatoon, SK"
"Josh Currie","C","10/29/1992 (31)","Charlottetown, PE"
"Matthew Highmore","C","2/27/1996 (27)","Halifax, NS"
"Zack MacEwen","C","7/8/1996 (27)","Charlottetown, PE"
"Josh Norris","C","5/5/1999 (24)","Oxford, MI"
"Garrett Pilon","C","4/13/1998 (25)","Kindersley, SK"
"Josh Bailey","RW","10/2/1989 (34)","Bowmanville, ON"
"Drake Batherson","RW","4/27/1998 (25)","Fort Wayne, IN"
"Claude Giroux","LW","1/12/1988 (35)","Hearst, ON"
"Bokondji Imama","LW","8/3/1996 (27)","Montreal, PQ"
"Roby Jarventie","LW","8/8/2002 (21)","Tampere, Finland"
"Mathieu Joseph","RW","2/9/1997 (26)","Laval, PQ"
"Parker Kelly","LW","5/14/1999 (24)","Camrose, AB"
"Dominik Kubalik","LW","8/21/1995 (28)","Plzen, Czech Republic"
"Egor Sokolov","LW","6/7/2000 (23)","Yekaterinburg, Russia"
"Tim Stutzle","LW","1/15/2002 (21)","Viersen, Germany"
"Vladimir Tarasenko","RW","12/13/1991 (31)","Yaroslavl, Russia"
"Brady Tkachuk","LW","9/16/1999 (24)","Scottsdale, AZ"
"Jacob Bernard-Docker","D","6/30/2000 (23)","Canmore, AB, Canada"
"Erik Brannstrom","D","9/2/1999 (24)","Eksjo, Sweden"
"Jakob Chychrun","D","3/31/1998 (25)","Boca Raton, FL"
"Maxence Guenette","D","4/28/2001 (22)","Sainte-Foy, PQ"
"Travis Hamonic","D","8/16/1990 (33)","St. Malo, MB"
"Dillon Heatherington","D","5/9/1995 (28)","Calgary, AB"
"Tyler Kleven","D","1/10/2002 (21)","Fargo, ND"
"Jacob Larsson","D","4/29/1997 (26)","Ljungby, Sweden"
"Nikolas Matinpalo","D","10/5/1998 (25)","—"
"Jake Sanderson","D","7/8/2002 (21)","Whitefish, MT"
"Donovan Sebrango","D","1/12/2002 (21)","Kingston, ON"
"Artem Zub","D","10/3/1995 (28)","Khabarovsk, Russia"
"Anton Forsberg","G","11/27/1992 (30)","Harnosand, Sweden"
"Joonas Korpisalo","G","4/28/1994 (29)","Pori, Finland"
"Sean Couturier","C","12/7/1992 (30)","Phoenix, AZ"
"Morgan Frost","C","5/14/1999 (24)","Aurora, ON"
"Rhett Gardner","C","2/28/1996 (27)","Moose Jaw, SK"
"Travis Konecny","C","3/11/1997 (26)","London, ON"
"Scott Laughton","C","5/30/1994 (29)","Oakville, ON"
"Ryan Poehling","C","1/3/1999 (24)","Lakeville, MN"
"Cam Atkinson","RW","6/5/1989 (34)","Riverside, CT"
"Kieffer Bellows","LW","6/10/1998 (25)","Edina, MN"
"Bobby Brink","RW","7/8/2001 (22)","Minnetonka, MN"
"Noah  Cates","LW","2/5/1999 (24)","Stillwater, Minnesota"
"Nicolas Deslauriers","LW","2/22/1991 (32)","LaSalle, PQ"
"Joel Farabee","LW","2/25/2000 (23)","Syracuse, NY"
"Tyson Foerster","RW","1/18/2002 (21)","Alliston, ON"
"Garnet Hathaway","RW","11/23/1991 (31)","Kennebunkport, ME"
"Owen Tippett","RW","2/16/1999 (24)","Peterborough, ON"
"Louie Belpedio","D","5/14/1996 (27)","Skokie, IL"
"Victor Mete","D","6/7/1998 (25)","Woodbridge, ON"
"Travis Sanheim","D","3/29/1996 (27)","Elkhorn, MB"
"Nick Seeler","D","6/3/1993 (30)","Eden Prairie, MN"
"Sean Walker","D","11/13/1994 (28)","Keswick, ON"
"Cam York","D","1/5/2001 (22)","Anaheim Hills, CA"
"Egor Zamula","D","3/30/2000 (23)","Chelyabinsk, Russia"
"Samuel Ersson","G","10/20/1999 (24)","Falun, Sweden"
"Carter Hart","G","8/13/1998 (25)","Sherwood Park, AB"
"Calvin Petersen","G","10/19/1994 (29)","Waterloo, IA"
"Noel Acciari","C","12/1/1991 (31)","Johnston, RI"
"Jeff Carter","C","1/1/1985 (38)","London, ON"
"Sidney Crosby","C","8/7/1987 (36)","Cole Harbour, NS"
"Lars Eller","C","5/8/1989 (34)","Rodovre, Denmark"
"Jake Guentzel","C","10/6/1994 (29)","Omaha, NE"
"Jansen Harkins","C","5/23/1997 (26)","Cleveland, OH"
"Vinnie Hinostroza","C","4/3/1994 (29)","Chicago, IL"
"Evgeni Malkin","C","7/31/1986 (37)","Magnitogorsk, USSR"
"Rickard Rakell","C","5/5/1993 (30)","Sundbyberg, Sweden"
"Joona Koppanen","LW","2/25/1998 (25)","Tampere, Finland"
"Matt Nieto","LW","11/5/1992 (31)","Long Beach, CA"
"Alex Nylander","LW","3/2/1998 (25)","Calgary, AB"
"Drew O'Connor","LW","6/9/1998 (25)","Chatham, NJ"
"Bryan Rust","RW","5/11/1992 (31)","Pontiac, MI"
"Reilly Smith","RW","4/1/1991 (32)","Mimico, ON"
"Radim Zohorna","LW","4/29/1996 (27)","Havlickuv Brod, Czech Republic"
"Ryan Graves","D","5/21/1995 (28)","Yarmouth, NS"
"Pierre-Olivier Joseph","D","7/1/1999 (24)","Laval, PQ"
"Erik Karlsson","D","5/31/1990 (33)","Landsbro, Sweden"
"Kris Letang","D","4/24/1987 (36)","Montreal, PQ"
"Marcus Pettersson","D","5/8/1996 (27)","Skelleftea, Sweden"
"Jack Rathbone","D","5/20/1999 (24)","Boston, MA"
"Chad Ruhwedel","D","5/7/1990 (33)","San Diego, CA"
"Ryan Shea","D","2/11/1997 (26)","Milton, MA"
"Joel Blomqvist","G","1/10/2002 (21)","Uusikaarlepyy, Finland"
"Magnus Hellberg","G","4/4/1991 (32)","Uppsala, Sweden"
"Tristan Jarry","G","4/29/1995 (28)","Surrey, BC"
"Mikael Granlund","C","2/26/1992 (31)","Oulu, Finland"
"Tomas Hertl","C","11/12/1993 (29)","Prague, Czech Republic"
"Mike Hoffman","C","11/24/1989 (33)","Kitchener, ON"
"Luke Kunin","C","12/4/1997 (25)","Chesterfield, MO"
"Nico Sturm","C","5/3/1995 (28)","Augsburg, Germany"
"Nathan Todd","C","12/2/1995 (27)","Kemptville, CA"
"Anthony Duclair","LW","8/26/1995 (28)","Pointe-Claire, PQ"
"William Eklund","LW","10/12/2002 (21)","Haninge, Sweden"
"Kevin Labanc","RW","12/12/1995 (27)","Brooklyn, NY"
"Oskar Lindblom","LW","8/15/1996 (27)","Gavle, Sweden"
"Scott Sabourin","RW","7/30/1992 (31)","Orleans, ON"
"Givani Smith","RW","2/27/1998 (25)","Toronto, ON"
"C.J. Suess","LW","3/17/1994 (29)","St. Paul, MN"
"Filip Zadina","RW","11/27/1999 (23)","Pardubice, Czech Republic"
"Fabian Zetterlund","LW","8/25/1999 (24)","Karlstad, Sweden"
"Calen Addison","D","4/11/2000 (23)","Brandon, MB"
"Kyle Burroughs","D","7/12/1995 (28)","Vancouver, BC"
"Ryan Carpenter","D","1/18/1991 (32)","Oviedo, FL"
"Ty Emberson","D","5/23/2000 (23)","Eau Claire, WI"
"Mario Ferraro","D","9/17/1998 (25)","Toronto, ON"
"Nikolai Knyzhov","D","3/20/1998 (25)","Kemerovo, Russia"
"Nikita Okhotiuk","D","12/4/2000 (22)","Chelyabinsk, Russia"
"Jan Rutta","D","7/29/1990 (33)","Pisek, Czechoslovakia"
"Marc-Edouard Vlasic","D","3/30/1987 (36)","Montreal, PQ"
"MacKenzie Blackwood","G","12/9/1996 (26)","Thunder Bay, ON"
"Magnus Chrona","G","8/28/2000 (23)","—"
"Kaapo Kahkonen","G","8/16/1996 (27)","Helsinki, Finland"
"Nikita Alexandrov","C","9/16/2000 (23)","Burgwedel, Germany"
"Jordan Kyrou","C","5/5/1998 (25)","Toronto, ON"
"Brayden Schenn","C","8/22/1991 (32)","Saskatoon, SK"
"Oskar Sundqvist","C","3/23/1994 (29)","Boden, Sweden"
"Robert Thomas","C","7/2/1999 (24)","Aurora, ON"
"Jakub Vrana","C","2/28/1996 (27)","Prague, Czech Republic"
"Sammy Blais","LW","6/17/1996 (27)","Montmagny, PQ"
"Pavel Buchnevich","LW","4/17/1995 (28)","Cherepovets, Russia"
"Kevin Hayes","RW","5/8/1992 (31)","Dorchester, MA"
"Kasperi Kapanen","RW","7/23/1996 (27)","Kuopio, Finland"
"Jake Neighbours","LW","3/29/2002 (21)","Airdrie, AB"
"Brandon Saad","LW","10/27/1992 (31)","Pittsburgh, PA"
"Alexei Toropchenko","RW","6/25/1999 (24)","Moscow, Russia"
"Robert Bortuzzo","D","3/18/1989 (34)","Thunder Bay, ON"
"Justin Faulk","D","3/20/1992 (31)","South St. Paul, MN"
"Torey Krug","D","4/12/1991 (32)","Livonia, MI"
"Nick Leddy","D","3/20/1991 (32)","Eden Prairie, MN"
"Colton Parayko","D","5/12/1993 (30)","St. Albert, AB"
"Scott Perunovich","D","8/18/1998 (25)","Hibbing, MN"
"Marco Scandella","D","2/23/1990 (33)","Montreal, PQ"
"Tyler Tucker","D","3/1/2000 (23)","Thunder Bay, ON"
"Jordan Binnington","G","7/11/1993 (30)","Richmond Hill, ON"
"Joel Hofer","G","7/30/2000 (23)","Winnipeg, MB"
"Alex Barre-Boulet","C","5/21/1997 (26)","Montmagny, PQ"
"Anthony Cirelli","C","7/15/1997 (26)","Etobicoke, ON"
"Mikey Eyssimont","C","9/9/1996 (27)","Littleton, CO"
"Luke Glendening","C","4/28/1989 (34)","Grand Rapids, MI"
"Waltteri Merela","C","7/6/1998 (25)","Tampere, FI"
"Tyler Motte","C","3/10/1995 (28)","St. Clair, MI"
"Nick Paul","C","3/20/1995 (28)","Mississauga, ON"
"Brayden Point","C","3/13/1996 (27)","Calgary, AB"
"Steven Stamkos","C","2/7/1990 (33)","Markham, ON"
"Brandon Hagel","LW","8/27/1998 (25)","Saskatoon, SK"
"Tanner Jeannot","LW","5/29/1997 (26)","Estevan, SK"
"Nikita Kucherov","RW","6/17/1993 (30)","Maykop, Russia"
"Austin Watson","LW","1/13/1992 (31)","Ann Arbor, MI"
"Erik Cernak","D","5/28/1997 (26)","Kosice, Slovakia"
"Haydn Fleury","D","7/8/1996 (27)","Carlyle, SK"
"Victor Hedman","D","12/18/1990 (32)","Ornskoldsvik, Sweden"
"Philippe Myers","D","1/25/1997 (26)","Moncton, NB"
"Nicklaus Perbix","D","6/15/1998 (25)","Minneapolis, MN"
"Darren Raddysh","D","2/28/1996 (27)","Caledonia, ON"
"Mikhail Sergachev","D","6/25/1998 (25)","Nizhnekamsk, Russia"
"Calvin de Haan","D","5/9/1991 (32)","Carp, ON"
"Jonas Johansson","G","9/19/1995 (28)","Gavle, Sweden"
"Matt Tomkins","G","6/19/1994 (29)","Sherwood Park, AB"
"Max Domi","C","3/2/1995 (28)","Winnipeg, MB"
"Noah Gregor","C","7/28/1998 (25)","Beaumont, AB"
"Calle Jarnkrok","C","9/25/1991 (32)","Gavle, Sweden"
"David Kampf","C","1/12/1995 (28)","Chomutov, Czech Republic"
"Auston Matthews","C","9/17/1997 (26)","San Ramon, CA"
"John Tavares","C","9/20/1990 (33)","Mississauga, ON"
"Tyler Bertuzzi","LW","2/24/1995 (28)","Sudbury, ON"
"Pontus Holmberg","RW","3/9/1999 (24)","Vasteras, Sweden"
"Matthew Knies","LW","10/17/2002 (21)","Phoenix, AZ"
"Mitchell Marner","RW","5/5/1997 (26)","Markham, ON"
"William Nylander","RW","5/1/1996 (27)","Calgary, AB"
"Ryan Reaves","RW","1/20/1987 (36)","Winnipeg, MB"
"Nicholas Robertson","LW","9/11/2001 (22)","Arcadia, CA"
"Alex Steeves","LW","12/10/1999 (23)","Bedford, NH"
"Simon Benoit","D","9/19/1998 (25)","Laval, PQ"
"T.J. Brodie","D","6/7/1990 (33)","Chatham, ON"
"Carl Dahlstrom","D","1/28/1995 (28)","Stockholm, Sweden"
"Mark Giordano","D","10/3/1983 (40)","Toronto, ON"
"John Klingberg","D","8/14/1992 (31)","Gothenburg, Sweden"
"William Lagesson","D","2/22/1996 (27)","Gothenburg, Sweden"
"Maxime Lajoie","D","11/5/1997 (26)","Quebec City, PQ"
"Jake McCabe","D","10/12/1993 (30)","Eau Claire, WI"
"Morgan Rielly","D","3/9/1994 (29)","Vancouver, BC"
"Ilya Samsonov","G","2/22/1997 (26)","Magnitogorsk, Russia"
"Joseph Woll","G","7/12/1998 (25)","Dardenne Prairie, MO"
"Teddy Blueger","C","8/15/1994 (29)","Riga, Latvia"
"Sheldon Dries","C","4/23/1994 (29)","Macomb Township, MI"
"Dakota Joshua","C","5/15/1996 (27)","Dearborn, MI"
"Sam Lafferty","C","3/6/1995 (28)","Hollidaysburg, PA"
"J.T. Miller","C","3/14/1993 (30)","East Palestine, OH"
"Elias Pettersson","C","11/12/1998 (24)","Sundsvall, Sweden"
"Jack Studnicka","C","2/18/1999 (24)","Windsor, ON"
"Pius Suter","C","5/24/1996 (27)","Zurich, Switzerland"
"Anthony Beauvillier","LW","6/8/1997 (26)","Sorel, PQ"
"Brock Boeser","RW","2/25/1997 (26)","Burnsville, MN"
"Phillip Di Giuseppe","LW","10/9/1993 (30)","Toronto, ON"
"Conor Garland","RW","3/11/1996 (27)","Scituate, MA"
"Nils Hoglander","LW","12/20/2000 (22)","Bocktrask, Sweden"
"Vitali Kravtsov","RW","12/23/1999 (23)","Vladivostok, Russia"
"Andrei Kuzmenko","LW","2/4/1996 (27)","Yakutsk, Russia"
"Ilya Mikheyev","RW","10/10/1994 (29)","Omsk, Russia"
"Ian Cole","D","2/21/1989 (34)","Ann Arbor, MI"
"Mark Friedman","D","12/25/1995 (27)","Toronto, ON"
"Filip Hronek","D","11/2/1997 (26)","Hradec Kralove, Czech Republic"
"Quinn Hughes","D","10/14/1999 (24)","Orlando, FL"
"Noah Juulsen","D","4/2/1997 (26)","Surrey, BC"
"Tyler Myers","D","2/1/1990 (33)","Houston, TX"
"Carson Soucy","D","7/27/1994 (29)","Viking, AB"
"Casey DeSmith","G","8/13/1991 (32)","Rochester, NH"
"Thatcher Demko","G","12/8/1995 (27)","San Diego, CA"
"Arturs Silovs","G","3/22/2001 (22)","Riga, Latvia"
"Michael Amadio","C","5/13/1996 (27)","Sault Ste. Marie, ON"
"Brendan Brisson","C","10/22/2001 (22)","Manhattan Beach, CA"
"Paul Cotter","C","11/16/1999 (23)","Canton, MI"
"Pavel Dorofeyev","C","10/26/2000 (23)","Nizhny Tagil, Russia"
"Jack Eichel","C","10/28/1996 (27)","North Chelmsford, MA"
"Brett Howden","C","3/29/1998 (25)","Calgary, AB"
"William Karlsson","C","1/8/1993 (30)","Marsta, Sweden"
"Jonathan Marchessault","C","12/27/1990 (32)","Cap-Rouge, PQ"
"Chandler Stephenson","C","4/22/1994 (29)","Saskatoon, SK"
"Ivan Barbashev","LW","12/14/1995 (27)","Moscow, Russia"
"William Carrier","LW","12/20/1994 (28)","LaSalle, PQ"
"Max Comtois","LW","1/8/1999 (24)","Longueuil, PQ"
"Keegan Kolesar","RW","4/8/1997 (26)","Brandon, MB"
"Jonas Rondbjerg","RW","3/31/1999 (24)","Horsholm, Denmark"
"Mark Stone","RW","5/13/1992 (31)","Winnipeg, MB"
"Lukas Cormier","D","3/27/2002 (21)","Ste-Marie-de-Kent, NB"
"Nicolas Hague","D","12/5/1998 (24)","Kitchener, ON"
"Ben Hutton","D","4/20/1993 (30)","Brockville, ON"
"Kaedan Korczak","D","1/29/2001 (22)","Yorkton, SK"
"Alec Martinez","D","7/26/1987 (36)","Rochester Hills, MI"
"Brayden McNabb","D","1/21/1991 (32)","Davidson, SK"
"Brayden Pachal","D","8/23/1999 (24)","Estevan, SK"
"Alex Pietrangelo","D","1/18/1990 (33)","King City, ON"
"Shea Theodore","D","8/3/1995 (28)","Langley, BC"
"Zach Whitecloud","D","11/28/1996 (26)","Brandon, MB"
"Adin Hill","G","5/11/1996 (27)","Comox, BC"
"Logan Thompson","G","2/25/1997 (26)","Calgary, AB"
"Jesper Vikman","G","3/11/2002 (21)","Stockholm, Sweden"
"Nic Dowd","C","5/27/1990 (33)","Huntsville, AL"
"Evgeny Kuznetsov","C","5/19/1992 (31)","Chelyabinsk, Russia"
"Hendrix Lapierre","C","2/9/2002 (21)","Gatineau, PQ"
"Alex Limoges","C","9/16/1997 (26)","Winchester, VA"
"Connor McMichael","C","1/15/2001 (22)","Ajax, ON"
"Alexei Protas","C","1/6/2001 (22)","Vitebsk, Belarus"
"Michael Sgarbossa","C","7/25/1992 (31)","Campbellville, ON"
"Dylan Strome","C","3/7/1997 (26)","Mississauga, ON"
"Nicolas Aube-Kubel","RW","5/10/1996 (27)","Slave Lake, AB"
"Beck Malenstyn","LW","2/4/1998 (25)","Delta, BC"
"Sonny Milano","LW","5/12/1996 (27)","Massapequa, NY"
"T.J. Oshie","RW","12/23/1986 (36)","Everett, WA"
"Alex Ovechkin","LW","9/17/1985 (38)","Moscow, USSR"
"Matthew Phillips","RW","4/6/1998 (25)","Calgary, AB"
"Tom Wilson","RW","3/29/1994 (29)","Toronto, ON"
"Alexander Alexeyev","D","11/15/1999 (23)","St. Petersberg, Russia"
"John Carlson","D","1/10/1990 (33)","Natick, MA"
"Martin Fehervary","D","10/6/1999 (24)","Bratislava, Slovakia"
"Hardy Haman Aktell","D","7/4/1998 (25)","Kage, Sweden"
"Nick Jensen","D","9/21/1990 (33)","Rogers, MN"
"Lucas Johansen","D","11/16/1997 (25)","Vancouver, BC"
"Dylan McIlrath","D","4/20/1992 (31)","Winnipeg, MB"
"Rasmus Sandin","D","3/7/2000 (23)","Uppsala, Sweden"
"Darcy Kuemper","G","5/5/1990 (33)","Saskatoon, SK"
"Charlie Lindgren","G","12/18/1993 (29)","Lakeville, MN"
"Hunter Shepard","G","11/7/1995 (28)","Cohasset, MN"
"Mason Appleton","C","1/15/1996 (27)","Green Bay, WI"
"Morgan Barron","C","12/2/1998 (24)","Halifax, NS"
"David Gustafsson","C","4/11/2000 (23)","Tingsyrd, Sweden"
"Rasmus Kupari","C","3/15/2000 (23)","Kotka, Finland"
"Adam Lowry","C","3/29/1993 (30)","St. Louis, MO"
"Vladislav Namestnikov","C","11/22/1992 (30)","Zhukovskiy, Russia"
"Cole Perfetti","C","1/1/2002 (21)","Whitby, ON"
"Mark Scheifele","C","3/15/1993 (30)","Kitchener, ON"
"Kyle Connor","LW","12/9/1996 (26)","Shelby Township, MI"
"Nikolaj Ehlers","LW","2/14/1996 (27)","Aalborg, Denmark"
"Alex Iafallo","LW","12/21/1993 (29)","Eden, NY"
"Nino Niederreiter","RW","9/8/1992 (31)","Chur, Switzerland"
"Declan Chisholm","D","1/12/2000 (23)","Bowmanville, ON"
"Dylan DeMelo","D","5/1/1993 (30)","London, ON"
"Brenden Dillon","D","11/13/1990 (32)","New Westminster, BC"
"Josh Morrissey","D","3/28/1995 (28)","Calgary, AB"
"Neal Pionk","D","7/29/1995 (28)","Omaha, NE"
"Dylan Samberg","D","1/24/1999 (24)","Saginaw, MN"
"Nate Schmidt","D","7/16/1991 (32)","St. Cloud, MN"
"Logan Stanley","D","5/26/1998 (25)","Waterloo, ON"
"Laurent Brossoit","G","3/23/1993 (30)","Port Alberni, BC"
"Connor Hellebuyck","G","5/19/1993 (30)","Commerce, MI"
